{
  "answer_relevancy": 0.8655702408219932,
  "faithfulness": 0.6656818181818182,
  "context_precision": 0.77499999996125,
  "context_recall": 0.7725
}