{
  "answer_relevancy": 0.6636354184862008,
  "faithfulness": 0.37947916666666665,
  "context_precision": 0.7999999999733334,
  "context_recall": 0.5111607142857143
}