{
  "answer_relevancy": 0.8242448681796372,
  "faithfulness": 0.21666666666666665,
  "context_precision": 0.9999999999049999,
  "context_recall": 0.825
}