{
  "answer_relevancy": 0.8640580548398162,
  "faithfulness": 0.5696969696969697,
  "context_precision": 0.99999999995,
  "context_recall": 0.72
}